{
    "lambda_121": [
        0.0467788428068161,
        0.3680383265018463,
        0.4905000329017639,
        0.526079535484314,
        -1.7794976234436035,
        -0.8625210523605347,
        0.0,
        0.0,
        0.0,
        0.0,
        -2.076627016067505,
        -2.2826151847839355,
        0.42111557722091675,
        -0.5239331126213074,
        0.18631836771965027,
        -0.4649833142757416,
        0.0,
        0.0,
        -3.2215447425842285,
        -2.40718150138855,
        -2.0793421268463135,
        -4.945960521697998,
        0.0,
        0.0
    ],
    "lambda_122": [
        -0.0467788428068161,
        -0.3680383265018463,
        -0.4905000329017639,
        -0.526079535484314,
        1.7794976234436035,
        0.8625210523605347,
        0.0,
        0.0,
        0.0,
        0.0,
        2.076627016067505,
        2.2826151847839355,
        -0.42111557722091675,
        0.5239331126213074,
        -0.18631836771965027,
        0.4649833142757416,
        0.0,
        0.0,
        3.2215447425842285,
        2.40718150138855,
        2.0793421268463135,
        4.945960521697998,
        0.0,
        0.0
    ],
    "lambda_131": [
        0.0,
        -0.5,
        -1.06486976146698,
        -1.0710136890411377,
        -0.32462939620018005,
        -0.45726898312568665,
        -0.1701989769935608,
        -0.1725425124168396,
        0.0,
        0.0,
        -0.16561001539230347,
        -0.12992024421691895,
        -0.39993244409561157,
        -0.5841891765594482,
        0.0,
        0.0,
        0.0,
        0.0,
        -0.354927659034729,
        -0.14652019739151,
        -0.8156630992889404,
        -1.6370222568511963,
        0.0,
        0.0
    ],
    "lambda_133": [
        0.0,
        0.5,
        1.06486976146698,
        1.0710136890411377,
        0.32462939620018005,
        0.45726898312568665,
        0.1701989769935608,
        0.1725425124168396,
        0.0,
        0.0,
        0.16561001539230347,
        0.12992024421691895,
        0.39993244409561157,
        0.5841891765594482,
        0.0,
        0.0,
        0.0,
        0.0,
        0.354927659034729,
        0.14652019739151,
        0.8156630992889404,
        1.6370222568511963,
        0.0,
        0.0
    ],
    "rho": 50.0,
    "round": 15,
    "x1": {
        "obj_val": 0.3146294355392456,
        "t_val": 0.04501575604081154,
        "vect": [
            0.07999999821186066,
            0.03666060417890549,
            1.0074920654296875,
            1.007730484008789,
            -0.06878063082695007,
            0.036288708448410034,
            -0.0,
            0.0,
            -0.0,
            0.0,
            1.0034773349761963,
            1.0032106637954712,
            -0.014095400460064411,
            -0.02317299321293831,
            0.033296700567007065,
            0.03466060385107994,
            -0.0,
            0.0,
            0.9985083937644958,
            0.9974126219749451,
            0.029354121536016464,
            0.013930688612163067,
            -0.0,
            0.0,
            -0.0,
            0.0,
            1.0,
            1.0001012086868286,
            -0.04463695362210274,
            0.009482569992542267,
            0.04755634069442749,
            -0.009450980462133884,
            -0.0,
            0.0,
            1.0000509023666382,
            1.0,
            -0.02888774313032627,
            -0.004544177558273077,
            -0.0,
            0.0,
            -0.004000000189989805,
            -0.0020000000949949026,
            1.0017849206924438,
            1.0065845251083374,
            -0.02461344376206398,
            -0.022830892354249954,
            -0.0,
            0.0
        ]
    },
    "x2": {
        "obj_val": 0.15618616342544556,
        "t_val": 0.03258371725678444,
        "vect": [
            0.07999999821186066,
            0.03666060417890549,
            1.000022292137146,
            1.0000801086425781,
            -0.05999999865889549,
            0.037962738424539566,
            -0.0,
            0.0,
            -0.0,
            0.0,
            1.0048445463180542,
            1.0044159889221191,
            -0.011438565328717232,
            -0.020660605281591415,
            0.037438564002513885,
            0.03466060385107994,
            -0.0,
            0.0,
            1.0016299486160278,
            0.999311089515686,
            0.039000000804662704,
            0.01899999938905239,
            -0.0,
            0.0
        ]
    },
    "x3": {
        "obj_val": 0.47071316838264465,
        "t_val": 0.038396306335926056,
        "vect": [
            -0.0,
            0.0,
            0.9973975419998169,
            0.9982389807701111,
            -0.0475662425160408,
            0.005335943307727575,
            0.04591381177306175,
            -0.011116137728095055,
            -0.0,
            0.0,
            0.9976859092712402,
            0.9975709915161133,
            -0.029232030734419823,
            -0.0053393947891891,
            -0.0,
            0.0,
            -0.004000000189989805,
            -0.0020000000949949026,
            0.9933975338935852,
            0.9979369044303894,
            -0.023232819512486458,
            -0.0220184288918972,
            -0.0,
            0.0
        ]
    },
    "z12": [
        0.07999999821186066,
        0.03666060417890549,
        1.003757119178772,
        1.0039052963256836,
        -0.06439031660556793,
        0.03712572157382965,
        0.0,
        0.0,
        0.0,
        0.0,
        1.0041608810424805,
        1.00381338596344,
        -0.012766982428729534,
        -0.021916799247264862,
        0.035367630422115326,
        0.03466060385107994,
        0.0,
        0.0,
        1.0000691413879395,
        0.9983618259429932,
        0.034177061170339584,
        0.01646534353494644,
        0.0,
        0.0
    ],
    "z13": [
        0.0,
        0.0,
        0.9986987709999084,
        0.9991700649261475,
        -0.04610159993171692,
        0.007409256417304277,
        0.04673507437109947,
        -0.010283559560775757,
        0.0,
        0.0,
        0.9988684058189392,
        0.9987854957580566,
        -0.029059886932373047,
        -0.004941786173731089,
        0.0,
        0.0,
        -0.004000000189989805,
        -0.0020000000949949026,
        0.9975911974906921,
        1.002260684967041,
        -0.023923132568597794,
        -0.022424660623073578,
        0.0,
        0.0
    ]
}