rho,Iteration,Psub,Qsub,objective,Pdg_21,Qdg_21
10,3080,192.47097040550275,-80.69030368446164,0.9911467466270502,399.9999984647943,183.30302688930487
