rho,Iteration,Psub,Qsub,objective,Pdg_21,Qdg_21
1.0,5000,123.60943368464154,-53.987800471754774,0.9888102055824746,399.9999992295519,183.3030277047499
