rho,Iteration,Psub,Qsub,objective,Pdg_21,Qdg_21
50.0,1070,-301.65289891737916,599.7526829560184,0.34043937308388195,399.9999986530769,183.30301458258245
