rho,Iteration,Psub,Qsub,objective,Pdg_21,Qdg_21
50,651,191.62446848976847,-80.31607191983849,0.9911467215225427,399.99999925679765,183.30302766033182
