rho,Iteration,Psub,Qsub,objective,Pdg_21,Qdg_21
0.1,5000,81.97150626158229,-25.124774226493972,0.9537772821189103,399.9995330819521,183.3027480601495
