rho,Iteration,Psub,Qsub,objective,Pdg_21,Qdg_21
1,5000,123.6111640289428,-53.98906273988958,0.9888101991028757,399.99999922854323,183.30302770347146
