Psub,Qsub,objective,Pdg_21,Qdg_21
165.28899689670382,-68.67722066390657,0.9819953506770785,400.0,183.3030277982337
