rho,Iteration,Psub,Qsub,objective,Pdg_21,Qdg_21
30,1031,191.74802134665742,-80.37109289779434,0.9911467236613095,399.99999975957735,183.30302756586542
