rho,Iteration,Psub,Qsub,objective,Pdg_21,Qdg_21
100,573,192.8450702432532,-80.85779590795816,0.9911468135155133,399.9999991360995,183.30302693416704
